#Типы send функций,Значение (ETC - дргуое),Сообщение,Тип сообщения: DEBUG - для отладки

#,0,Закрыть,

#,0,Покупка лошади,
0,-125,Недостаточно золота.,#	所持金不足
0,-1,Ошибка при покупке.,#		その他
0,-2,Конюшня переполнена.,#	厩舎がいっぱいのとき
0,-3,Имя уже используется.,#	同じ名前の馬がいるとき
0,-30000,"Используйте только русские буквы, цифры и нижнее подчеркивание.",

#,1,Верховая езда,
1,-1,Невозможно сесть на коня.,#	乗れない馬
1,-2,Ошибка при попытке сесть на коня.,#		エラー
1,-3,Данный класс не может ездить верхом.,#	職業が違う

#,2,Спешиться,
2,-1,Вы уже сидите верхом на коне.,#	他の馬に乗っている
2,-2,Вы не сидите на коне.,#	馬に乗っていない

#,3,Ретироваться,
3,ETC,Ошибка при попытке спешиться.,#		その他

#,4,Тренировка,
4,-1,Ошибка при тренировке коня.,#		その他
4,-2,Невозможно начать тренировку.,#	調教できる馬ではない

#,10,Группа создана.,#パーティ関連

#,10,Создать группу со свободным вступлением.,#パブリックパーティ作成
10,-1,Ошибка при создании группы для всех.,#	リソースが足りないなど
10,-123,Персонаж не существует.,# 誘ったキャラが見つからない
10,-5002,Персонаж уже состоит в группе.,#		すでに他のパーティに入っている、または誘われている
10,-5009,Персонаж уже приглашен. Невозможно пригласить.,
10,-5012,У персонажа включена функция автоматического отклонения всех приглашений в группу.,# 拒否設定
10,-5013,На этой территории нельзя создать группу.,# このマップではパーティの作成ができない
10,-5014,На этой территории нельзя вступить в группу.,# このマップではパーティにINできない
10,-5015,Нельзя пригласить игрока в группу,# 対象はパーティに誘うことができない
10,-5016,Команда не может быть использована на этой территории.,# マップ制限
10,-5017,"Команда не может быть использована, противник на запретной территории.",# マップ制限

#,11,Создать группу с приглашением.,#プライベートパーティ招待
11,-123,Персонаж не существует.,#		誘ったキャラがみつからない
11,-5001,В группе нет свободных мест.,#		パーティ人数が既に最大値に達している
11,-5002,Персонаж уже состоит в группе.,#		すでに他のパーティに入っている、または誘われている
11,-5009,Персонаж уже приглашен. Невозможно пригласить.,
11,-5012,У персонажа включена функция автоматического отклонения всех приглашений в группу.,# 拒否設定
11,-5014,На этой территории нельзя вступить в группу.,# このマップではパーティにINできない
11,-5015,Нельзя пригласить игрока в группу,# 対象はパーティに誘うことができない
11,-5016,Команда не может быть использована на этой территории.,# マップ制限
11,-5017,"Команде не может быть использована, противник на запретной территории.",# マップ制限

#,12,パブリックパーティ参加,
12,-123,Персонаж не существует.,# 誘ったキャラが見つからない
12,-5001,В группе нет свободных мест.,#		パーティ人数が既に最大値に達している
12,-5002,Персонаж уже состоит в группе.,#		すでに他のパーティに入っている、または誘われている
12,-5009,Персонаж уже приглашен. Невозможно пригласить.,
12,-5012,У персонажа включена функция автоматического отклонения всех приглашений в группу.,# 拒否設定
12,-5014,На этой территории нельзя вступить в группу.,# このマップではパーティにINできない
12,-5015,Нельзя пригласить игрока в группу,# 対象はパーティに誘うことができない
12,-5016,Команда не может быть использована на этой территории.,# マップ制限
12,-5017,"Команда не может быть использована, противник на запретной территории.",# マップ制限

#,13,Распределение предметов.,#アイテム所有権主張,
13,-1,Ошибка при распределении предметов.,DEBUG
13,-1000,Предмет не найден.,#		アイテムデータが見付からない
13,-1009,Инвентарь полон.,#	インベントリが一杯
13,-5003,Несоответствие необходимым требованиям.,#		リクエスト要求に従う条件にない
13,-5006,Не в группе.,#		パーティに参加していない
13,-5016,Команда не может быть использована на этой территории.,# マップ制限
13,-5017,"Команде не может быть использована, противник на запретной территории.",# マップ制限

#,14,Приоритет распределения предметов.,#アイテム所有権パス,
14,-1,Ошибка при передаче права распределения предметов.,DEBUG
14,-1000,Предмет не найден.,#		アイテムデータが見付からない
14,-5003,Несоответствие необходимым требованиям.,#		リクエスト要求に従う条件にない
14,-5006,Не в группе.,#		パーティに参加していない
14,-5016,Команда не может быть использована на этой территории.,# マップ制限
14,-5017,"Команда не может быть использована, противник на запретной территории.",# マップ制限

#,15,Запрос на распределение предметов.,#アイテム分配要求,
15,-1,Ошибка при передаче права распределения предметов.,DEBUG
15,-5003,Несоответствие необходимым требованиям.,#		リクエスト要求に従う条件にない
15,-5006,Не в группе.,#		パーティに参加していない
15,-5007,Нет предметов для распределения.,8#	パーティアイテムが空
15,-5008,Ожидание подтверждения распределения предметов.,#			アイテム分配確認中
15,-5016,Команда не может быть использована на этой территории.,# マップ制限
15,-5017,"Команде не может быть использована, противник на запретной территории.",# マップ制限

#,16,Исключение из группы.,#パーティキック関連
16,-5000,Группа не найдена.,
16,-5001,Достигнуто предельное количество игроков в группе.,
16,-5010,Распределены не все предметы. Нельзя выгнать.,
16,-5011,У вас нет права выгонять игроков.,
16,-5016,Команда не может быть использована на этой территории.,# マップ制限
16,-5017,"Команда не может быть использована, противник на запретной территории.",# マップ制限

#,17,Связь группы.,#パーティ関連
17,-5016,Команда не может быть использована на этой территории.,# マップ制限
17,-5017,"Команда не может быть использована, противник на запретной территории.",# マップ制限


#,20,Передача предметов.,#アイテム関連,

#,20,Передача предметов.,#アイテム移動,
20,-1,Ошибка при передаче предмета.,#		一般エラー。DBエラーなどで使用
20,-1000,Предметов нет.,#		アイテムデータが見付からない
20,-1001,Неверное количество предметов.,#	不正なアイテム個数
20,-1002,Неверный слот.,#		不正なアイテム位置
20,-1003,Невозможно создать предмет.,#	アイテムが作成できない
20,-1005,Предмет используется.,#		装備中のアイテム
20,-1012,Предмет не может быть перемещен.,# 制限アイテム
20,-1022,Хранилище гильдий недоступно.,#	クラン倉庫権限がない

#,21,Экипировка предметов.,#アイテム装備,
21,-1,Ошибка при использовании предмета.,#		一般エラー。DBエラーなどで使用
21,-1000,Предметов нет.,#		アイテムデータが見付からない
21,-1002,Неверное расположение предмета.,#		不正なアイテム位置
21,-1008,Несоответствие требованиям предмета.,#		装備条件に合わないアイテム
21,-1010,Невозможно использовать во время действия умения.,#		スキル効果でアイテムが装備できない
21,-1011,Предмет находится в частной лавке.,#		露店に登録中のアイテム
21,-1015,Необходимо спешиться для использования.,#	騎乗中は装備できません
21,-16002,Имя уже используется.,
21,-16003,Неверное имя кулона,
21,-16004,Достигнуто предельное количество игроков.,

#,22,Снятие предметов.,#アイテム装備解除,
22,-1,Ошибка при снятии предмета.,#	一般エラー。DBエラーなどで使用
22,-1000,Предметов нет.,#		アイテムデータが見付からない
22,-1004,Предмет не используется.,#	装備していないアイテム

#,23,Удаление предметов.,#アイテム破棄,
23,-1,Ошибка при попытке выбросить предмет.,#		一般エラー。DBエラーなどで使用
23,-1000,Предметов нет.,#		アイテムデータが見付からない
23,-1001,Неверное количество предметов.,#	不正なアイテム個数
23,-1005,Предмет используется.,#		装備中のアイテム
23,-1011,Предмет находится в частной лавке.,#		露店に登録中のアイテム
23,-1012,Невозможно выбросить предмет.,# 制限アイテム

#,24,Использование предметов.,#アイテム使用,
24,-1,Ошибка при использовании предмета.,#		一般エラー。DBエラーなどで使用
24,-1000,Предметов нет.,#		アイテムデータが見付からない
24,-1002,アイテム位置が不正です (todo),#	不正なアイテム個数
24,-1005,Предмет используется.,#		装備中のアイテム
24,-1006,Предмет перезаряжается.,#	ベンチタイム中のアイテム
24,-1011,Предмет находится в частной лавке и не может быть использован.,# 出店中のアイテムを使用しようとした時.
24,-1012,"Предмет недоступен, поскольку срок действия расширенного инвентаря истек.",# 制限アイテム
24,-1013,Премиальная услуга уже используется. Использование невозможно,# 既にスペシャル状態で効果がない場合
24,-1014,Необходима премиальная услуга. Использование невозможно.,# スペシャルでない状態に、スペシャルプレミアムサービスを使用した場合.
24,-1019,Не может быть использовано на этой карте.,# 現在のマップでは使用できない
24,-1020,既に取得済みの生産レシピの為、効果がありません。 (todo),# 取得済みの生産ID
24,-1021,Кулон общения создан.,
24,-16000,Операции с кулоном недоступны. (todo),
24,-8018,Не может использоваться при управлении осадным орудием.,
24,-4002,Этот персонаж больше не может использовать данный предмет.,
24,-1023,現在消耗品を使用できません (todo),
24,-1024,そのアイテムは使用できません (todo),#	無制限状態でアイテム追加使用ができない


#,25,Оседлать коня.,# 馬具装備,
25,-1,Ошибка при оседлании коня.,#		一般エラー。DBエラーなどで使用
25,-128,Нет доступных коней.,#			馬が見付からない
25,-1000,Предметов нет.,#		アイテムデータが見付からない
25,-1002,Неверное расположение предмета.,#		不正なアイテム位置

#,26,Отпустить коня.,# 馬具装備解除,
26,-1,Ошибка при оставлении коня.,#		一般エラー。DBエラーなどで使用
26,-128,Нет доступных коней.,#			馬が見付からない
26,-1000,Предметов нет.,#		アイテムデータが見付からない
26,-1004,Предмет не используется.,#	装備していないアイテム

#,27,Регистрация товара.,# 販売アイテム登録,
27,-1,Ошибка при регистрации предмета на продажу.,#		一般エラー。DBエラーなどで使用
27,-1000,Предметов нет.,#		アイテムデータが見付からない

#,28,Отмена регистраци товара.,# 販売アイテム登録解除,
28,-1,Ошибка при снятии предмета с продажи.,#	一般エラー。DBエラーなどで使用
28,-1000,Предметов нет.,#		アイテムデータが見付からない

#,30,Сбор добычи.,# ルート関連,

#,30,Сбор добычи.,# ルート開始,
30,-1,Ошибка при сборе добычи.,#			一般エラー。DBエラーなどで使用
30,-123,Нет доступной цели.,#		キャラが見付からない
30,-124,Другой персонаж собирает добычу.,#	他のキャラがアクセスしている
30,-13000,Нет права на добычу.,#				ルートを許可されていない
30,-13001,Нет добычи.,# ドロップアイテムが空
30,-13002,Невозможно собрать добычу.,#					ルート関連の操作を行える状態じゃない
30,-13003,Цель вне досягаемости,#					ルート対象から離れすぎている

#,40,Обмен.,# トレード関連,

#,40,Обмен.,# トレード要求,
40,-1,Ошибка при запросе обмена.,#			一般エラー。DBエラーなどで使用
40,-123,Нет доступной цели.,#		キャラが見付からない
40,-1200,Производится сделка.,#			自分が既にトレード中
40,-1201,Персонаж уже начал другой обмен.,#			相手が既にトレード中
40,-1202,Обмен невозможен.,#			自分がトレードできる状態じゃない
40,-1203,Обмен с этим персонажем невозможен.,#		相手がトレードできる状態じゃない
40,-1204,У персонажа включена функция автоматического отказа от обмена.,#		トレード拒否設定されている
40,-1207,Персонаж слишком далеко. Обмен невозможен.,#

#,41,Ответ на обмен.,# トレード要求に対する返答,
41,-1,Ошибка при получении ответа.,#		一般エラー。DBエラーなどで使用
41,-123,Нет доступной цели.,#		キャラが見付からない
41,-1202,Обмен невозможен.,#			自分がトレードできる状態じゃない
41,-1203,Обмен с этим персонажем невозможен.,#		相手がトレードできる状態じゃない

#,42,Обмен золота.,# トレード金額更新
42,-1,Ошибка при обновлении количества золота.,#		一般エラー。DBエラーなどで使用
42,-125,Недостаточно золота.,#		所持金額が不足している
42,-1202,Обмен невозможен.,#			自分がトレードできる状態じゃない
42,-1203,Обмен с этим персонажем невозможен.,#		相手がトレードできる状態じゃない

#,43,Добавление предмета.,# トレードアイテム追加
43,-1,Ошибка при добавлении предмета.,#		一般エラー。DBエラーなどで使用
43,-1000,Предметов нет.,#			アイテムデータが見付からない
43,-1001,Неверное количество предметов.,#		不正なアイテム個数
43,-1002,Неверный слот.,#		不正なアイテム位置
43,-1005,Предмет используется.,#			装備中のアイテム
43,-1202,Обмен невозможен.,#			自分がトレードできる状態じゃない
43,-1203,Обмен с этим персонажем невозможен.,#		相手がトレードできる状態じゃない
43,-1205,Предмет уже добавлен.,#			既に追加している
43,-1206,Предельное количество предметов.,#			アイテムが一杯

#,44,Удаление предмета.,#トレードアイテム削除
44,-1,Ошибка при удалении предмета.,#		一般エラー。DBエラーなどで使用
44,-1000,Предметов нет.,#			アイテムデータが見付からない
44,-1202,Обмен невозможен.,#			自分がトレードできる状態じゃない
44,-1203,Обмен с этим персонажем невозможен.,#		相手がトレードできる状態じゃない

#,45,Добавление предметов для обмена.,# トレードアイテム個数更新
45,-1,Ошибка при обновлении количества предметов.,#	一般エラー。DBエラーなどで使用
45,-1000,Предметов нет.,#			アイテムデータが見付からない
45,-1001,Неверное количество предметов.,#		不正なアイテム個数
45,-1202,Обмен невозможен.,#			自分がトレードできる状態じゃない
45,-1203,Обмен с этим персонажем невозможен.,#		相手がトレードできる状態じゃない

#,50,Магазин.,# ショップ関連,

#,50,Покупка предметов.,# アイテムを購入,
50,-1,Ошибка при покупке предмета.,#			一般エラー。DBエラーなどで使用
50,-125,Недостаточно золота.,#			所持金不足
50,-1001,Неверное количество предметов.,#		不正なアイテム個数
50,-1009,Инвентарь полон.,#		インベントリが一杯
50,-1300,Невозможно совершить покупку.,#			買い物できる状態じゃない

#,51,Продажа предметов.,# アイテムを売却,
51,-1,Ошибка при продаже.,#			一般エラー。DBエラーなどで使用
51,-114,Слот уже используется.,#	既に使用されているスロット
51,-115,Неверное значение слота.,#			無効なスロットID
51,-126,Количество золота достигло предела. Невозможно продать предмет.,#	所持金額が限界に達している
51,-1005,Предмет используется.,#		装備中のアイテム
51,-1300,Невозможно совершить покупку.,#			買い物できる状態じゃない
51,-1301,Предмет не для продажи.,#		販売アイテムじゃない

#,60,Быстрый слот.,# クイックスロット
60,ETC,Не удалось задать быструю клавишу.

#,70,Список друзей
70,ETC,Не удалось загрузить список друзей.

#,71,Добавление в друзья.,# フレンドリンク
71,1,Запрос на добавление игрока в список друзей отклонен.,
71,2,Цель вне досягаемости. Запрос на добавление друга отменен.,
71,-2,Производится добавление друга.,
71,-123,Игрок отвечает на другой запрос. Невозможно сделать запрос.,
71,-6000,Список друзей полон.
71,-6001,Ожидание ответа от другого игрока.
71,-6002,Игрок уже добавлен.
71,ETC,Ошибка при запросе регистрации.

#,72,Удаление из друзей.,#フレンド削除
72,ETC,Не удалось удалить друга.

#,73,Создание профиля.,# フォルダ作成
73,ETC,Не удалось создать профиль.

#,74,Удаление профиля.,# フォルダ削除
74,ETC,Не удалось удалить профиль.

#,75,Изменить
75,ETC,Не удалось изменить имя профиля.

#,76,Перемещение друзей.,# フレンド移動.
76,ETC,Не удалось переместить друга.

#,90,Получение задания.,# クエスト関連
#,90,Детали задания.,# クエスト詳細情報
90,ETC,Не удалось получить информацию о задании.

#,91,Отмена задания.,# クエスト放棄
91,ETC,Не удалось отменить задание.

#,100,Чат.,# チャット関連,

#,100,Отправка сообщений.,# クライアントからメッセージを送りだす,
100,-1,Ошибка при отправке сообщения.,#		エラー汎用
100,-2,Персонаж недоступен.,#				対象不在
100,-3,Невозможно повторить сообщение.
100,-4,Неправильный формат текста.
100,-5,Чат наций отключен.
100,-6,Шепот невозможен при общении между нациями.
100,-7,Невозможно послать сообщение: недостаточный уровень.
100,-123,"Персонаж не существует или отключен от сети. Возможно, игрок не получил сообщение.",# 対象不在


#,101,Передача команд.,# コマンド送信,
101,-1,Ошибка при отправке команды.,#			エラー汎用
101,-2,Неверная команда.,#		該当コマンドなしor権限不足(コマンドをあぶりだされないために同じ値を返す)

#,130,Почта
130,ETC,Не удалось удалить почту.
131,ETC,Не удалось отметить письмо как 'прочитанное'.

#,140,Частная лавка.,# 露店関連,

#,140,Установка цены в частной лавке.,# アイテムの露店価格の設定,
140,-1,Ошибка при установлении цены.,#			一般エラー。DBエラーなどで使用
140,-1002,Предмет в неправильном положении.,#		不正なアイテム位置

#,141,Название частной лавки.,# 店名設定,
141,-1,Ошибка при выборе названия для частной лавки.,#			一般エラー。DBエラーなどで使用
141,-30000,Неверное название. Невозможно открыть частную лавку.,#	使用できない文字が含まれている
141,-30001,Неверное название. Невозможно открыть частную лавку.,#		運営で禁止されている単語が含まれている
141,-30002,Слишком длинное имя лавки (DEBUG),DEBUG

#,142,Открыть лавку,
142,-1,Ошибка при открытии частной лавки.,#				一般エラー。DBエラーなどで使用

#,143,Закрыть лавку,
143,-1,Ошибка при закрытии частной лавки.,#				一般エラー。DBエラーなどで使用
143,-9000,Невозможно использовать частную лавку.,#		露店関連の操作を行える状態じゃない

#,144,Обмен.,# 取引開始,
144,-1,Ошибка при попытке начать обмен.,#			一般エラー。DBエラーなどで使用
144,-123,Персонаж не найден.,#		キャラが見付からない
144,-9000,Невозможно использовать частную лавку.,#		露店関連の操作を行える状態じゃない

#,145,Завершение обмена.,# 取引終了,
145,-1,Ошибка при завершении обмена.,#			一般エラー。DBエラーなどで使用
145,-9000,Невозможно использовать частную лавку.,#		露店関連の操作を行える状態じゃない

#,146,Покупка товара в частной лавке.,# アイテム購入,
146,-1,Ошибка при покупке предмета.,#			一般エラー。DBエラーなどで使用
146,-125,Недостаточно золота.,#			所持金不足
146,-1009,Инвентарь полон.,#		インベントリが一杯
146,-9000,Невозможно использовать частную лавку.,#		露店関連の操作を行える状態じゃない

#,160,Посылка.,# 小包関連

#,160,Отправка посылки.,# 小包閉じる結果.
160,ETC,"Посылка создана, но отправление невозможно."
161,ETC,Ошибка при удалении посылки.
162,ETC,Не удалось рассчитать сумму оплаты.
163,ETC,Не удалось отправить посылку.

#,170,Умения.,# スキル関連
170,-123,Неверная цель.,# 対象が見つからない
170,-2000,Невозможно изучить умение,# スキルを覚えていない、装備によって覚えたスキルを詠唱中にその装備を外すなど
170,-2001,Невозможно применить умение
170,-2002,Неверная цель.,# 実行する条件がありません
170,-2003,Использование невозможно. Несоответствие требованиям оружия.
170,-2004,Вне досягаемости.
170,-2005,Недостаточно ОМ.
170,-2006,Щит не надет. Невозможно использовать умение.
170,-2007,Аномальное состояние. Невозможно использовать умение.
170,-2008,Недоступно.
170,-2009,Необходимо спешиться для использования умения.
170,-2010,Зона перегружена. Действие недоступно.
170,-2011,Нельзя использовать здесь,# 街では使用できないもの
170,-2012,Достигнуто предельное количество ловушек. Невозможно установить.
170,-2013,Невозможно отменить.
170,-2014,Производится атака.
170,-2015,Достигнут предел развития умения.
170,-2016,Невозможно использовать на цели.,
170,-2018,Нельзя использовать здесь,
170,-2019,"Чтобы использовать, необходимо спешиться.",
170,-2020,Невозможно вызвать коня. Достигнут предел численности.,
170,-2021,Невозможно использовать. Недостаточно игроков гильдии в зоне.,
170,-2022,Цель потеряна. Нельзя применить умение.,
170,-2500,Для использования умения необходимо активировать блокирование.
170,-2501,Умение используется одновременно с применением невидимости.
170,-2502,Неверная цель.,# 自分には使用できない
170,-2503,Инвентарь полон.
170,-2504,"Самоисцеление невозможно, так как вы в аномальном состоянии."
170,-2505,Нельзя использовать здесь
170,-2506,Не может использоваться в замке.
170,-2507,Нет доступных мест для создания осадного орудия.
170,-2508,Может использоваться лишь атакующей стороной во время осады.
170,-2509,Достигнуто максимальное количество осадных орудий.
170,-2510,У вас нет прав на создание осадных орудий.
170,-2511,Невозможно воскресить.,# 蘇生することができません (todo)
170,-2512,Лошадь отсутствует.,# 対象の騎竜が存在しません (todo)
170,-2513,Невозможно призвать.,# 呼び出せる職業ではありません (todo)
170,-2800,Недостаточно предметов.
170,-2801,Недостаточно стрел.
170,-2802,Недостаточно арбалетных стрел.
170,-2803,Недостаточно ловушек.
170,-2804,Недостаточно ядовитого зелья.
170,-2805,Невозможно использовать. Недостаточный разбег.
170,-2806,Недостаточно пуль,
170,-8000,Цель вне радиуса атаки.
170,-8001,Цель уже мертва.
170,-8002,Атака перезаряжается.
170,-8003,Время перезарядки не истекло.
170,-8004,Необходимо активировать атаку.
170,-8005,Закончились боеприпасы.
170,-8006,Оцепенение. Движение невозможно.
170,-8007,Выбрана неверная цель.
170,-8008,Активировано блокирование. Невозможно произвести действие.
170,-8009,Оружие не используется. Невозможно использование умения.
170,-8010,Неверная цель.,# 陣営が不正な場合
170,-8011,Недостаточно предметов. Использование невозможно.
170,-8012,Вне досягаемости.
170,-8013,Аномальное состояние. Атака невозможна.
170,-8014,Необходимо спешиться для использования оборудования.
170,-8015,Снаряжение было изменено во время перезарядки атаки.
170,-8018,Не может использоваться при управлении осадным орудием.
170,-10000,Не удалось создать осадное орудие.


#,180,Получение предметов.,# 課金アイテム取得
180,-1,Ошибка при получении предмета.,#			一般エラー。DBエラーなどで使用
180,-1002,Предмет в неправильном положении.,#		アイテム位置が不正

#,190,Атака.,# 攻撃開始
#190,-8001,Объект мертв, действие невозможно.,#対象は既に死んでいます,# 対象が死んでいて操作を行えない
190,-2801,Недостаточно стрел.,
190,-2802,Недостаточно арбалетных стрел.,
190,-2803,Недостаточно ловушек.,
190,-2804,Недостаточно ядовитого зелья,
190,-2806,Недостаточно пуль,
190,-8005,Закончились боеприпасы.,#		弾(弓など打ち出すもの)がない
190,-8012,Вне досягаемости.,# 射程が足りない

#,200,Гильдия.,#クラン関連
200,-123,Невозможно найти персонажа.,
200,-12000,"Текущие условия не позволяют производить действия, связанные с гильдией.",
200,-12001,Это название уже используется.,
200,-12002,Неверное имя гильдии.,
200,-12003,Вы уже состоите в гильдии.,
200,-12004,Достигнуто предельное количество игроков в гильдии.
200,-12005,Вы не состоите в гильдии.,
200,-12006,У вас нет права приглашать игроков в гильдию.,
200,-12007,Вы не глава гильдии.,
200,-12008,Невозможно расформировать гильдию. В гильдии еще остались игроки.,
200,-12009,Не гражданин нации.,
200,-12010,Другая нация.,
200,-12011,Лидеры не могут быть исключены.,
200,-12050,Нельзя использовать во время осады.,

#,220,Кулон.,#トークエッグ関連
220,-1011,Предмет находится в частной лавке и не может быть использован.,
220,-1012,"Недоступно, поскольку срок действия расширенного инвентаря истек",
220,-16000,Не связано с кулоном.,
220,-16001,Это не материал для изготовления кулона.,
220,-16002,Имя уже используется.,
220,-16003,Неверное имя кулона,
220,-16004,Достигнуто предельное количество игроков.,
220,-16005,Кулона не существует.,
220,-16006,Кулон уже имеется.,


#,221,Снятие кулона.,# トークエッグ装備解除.
221,0,Достигнуто предельное количество игроков в группе. Кулон не используется.,
221,1,Функция переговорного кулона отключена. Кулон не используется.,


#,230,Профиль игрока.,# プロフィール関連
230,ETC,Не удалось обновить профиль.,

#,240,Торговля с НПС.,# 取引NPC関連
240,-1,Ошибка при запросе на сделку.,
240,-1009,Инвентарь полон. Обмен невозможен.,
240,-17000,Невозможно совершить сделку в текущем состоянии.,
240,-17001,Недействительная сделка.,
240,-17002,Обмен невозможен.,

240,-1350,Невозможно совершить покупку.,# 買い物できる状態じゃない
240,-1351,Изучение невозможно.,# 習得できない
240,-1351,Недостаточно очков гильдии.,# cpが足りない



#,250,Души.,# 魂関連
250,-1005,Предмет используется.,
250,-11100,Невозможно извлечь в текущем состоянии.,
250,-11101,Неверный слот души.,
250,-11102,Нет доступных слотов.,
250,-11103,Недостаточно золота.,
250,-11104,Не является предметом поддержки.,
250,-11120,Невозможно присоединить к снаряжению.,
250,-11121,Нет свободных слотов души.,

#,260,Черный список.,# ブラックリスト関連
260,-1,Ошибка черного списка.,
260,-18000,Черный список полон.,
260,-18001,Уже зарегистрирован.,
260,-18002,Неверная настройка.,


#,270,Ошибки обучения.,# 鍛錬関連エラー
270,-1,Ошибка.,

#,280,Портал.,# メモリアライズメッセージ
280,ETC,Сохранение невозможно.,
#,281,Портал
281,ETC,Ошибка портала.,
281,-2018,Нельзя использовать на этой карте.,

#,290,Ошибка записи на осады.,# 攻城戦参加登録エラー
290,-1400,Записей не найдено.,
290,-1401,"Недостаточно золота, регистрация невозможна.",
290,-1450,Записей не найдено.,

#,300,Ошибка создания предмета.,# 生産エラー
300,-1000,Неверный идентификатор производства.,# 不正な生産ID,
300,-1002,Недостаточно материала.,
300,-1003,Неверный предмет поддержки.,# 不正なサポートアイテム,
300,-1004,Недостаточный уровень производства.,# 生産レベルが不足している,
300,-1005,Недостаточно золота.,
300,-1006,Невозможно использовать предметы с прилавка.,# 露店に出品中のアイテムは使用できません,
300,-1007,Инвентарь полон.,
300,-1008,Шанс изготовления 0.,# 生産レベルに0が設定されている,
300,-1100,Не готово для изготовления.,# 生産関連の操作を行える状態じゃない,
300,-2000,Изготовление успешно.,# 既に取得済み生産ID,
300,-2001,Изготовление провалено.,# 取得していない生産ID,

#,310,Доминион.,# 領土侵略戦
310,-1,Ошибка использования предмета.,#アイテムの使用エラー

#,320,Доска объявлений.

#,330,Настройка предметов.,#アイテムオプション

#,340,Хранилище гильдии.,#クラン倉庫
340,-1,Ошибка хранилища гильдий.,
340,-1022,Хранилище гильдий отсутствует.,
340,-14000,Операция недоступна в данный момент.,

#,350,Ошибки покрытыя оборудования.,# コーティング関連エラー
350,-1,Ошибка предмета.,# アイテム設定エラー,
350,-11000,Операция невозможна.,#  操作が不可能な状態です,
350,-11001,Оборудование не соответствует требованиям,# その装備をセットする事はできません,
350,-11002,Оборудование не может быть усилено.,# その装備をコーティングする事はできません,
350,-11008,Оборудование не усилено.,# その装備はコーティングされていません,

#,420,Арена
#,420,Создание зала
420,-30000,Использованы запрещённые символы.,# 使用できない文字が含まれています
420,-30001,Использованы запрещённые слова.,# 禁止語句が使用されています
420,-33000,Зал не существует.,# ルームが存在しません,
420,-33001,Операция невозможна.,# 操作が不可能な状態です,
420,-33002,Неверный пароль.,# パスワードが違います,
420,-33003,Неавторизован.,# 権限がありません,
420,-33004,Вы уже в зале.,# 既に参加しています,
420,-33005,Персонажа не существует.,# 存在しないキャラクターです,
420,-33006,Комната заполнена.,# ルームが満室です,
420,-33012,Недопустимая операция.,# 無効な操作です,

#,421,
421,-33000,Зал не существует.,# ルームが存在しません,
421,-33012,Недопустимая операция.,# 無効な操作です,

#,422,
422,-33000,Зал не существует.,# ルームが存在しません,
422,-33012,Недопустимая операция.,# 無効な操作です,

#,423,Вход в зал Арены.,# ルーム入場
423,-33000,Зал не существует.,# ルームが存在しません,
423,-33001,Операция невозможна.,# 操作が不可能な状態です,
423,-33002,Неверный пароль.,# パスワードが違います,
423,-33004,Вы уже находитесь в зале.,# 既に参加しています,
423,-33007,Зал заполнен.,# そのルームは満員です,
423,-33010,Команда заполнена.,# チームに空きがありません
423,-33011,Даннаое место уже занято.,# その場所には別のユーザーがいます,
423,-33012,Неверная операция.,# 無効な操作です,

#,424,Настройка зала.,# ルーム内動作
424,-33000,Комнаты не существует.,# ルームが存在しません,
424,-33001,Операция невозможна.,# 操作が不可能な状態です,
424,-33003,Неавторизован.,# 権限がありません,
424,-33005,Персонаж не существует.,# 存在しないキャラクターです,
424,-33010,Полная команда.,# チームに空きがありません,
424,-33011,В этом месте находится другой персонаж.,# その場所には別のユーザーがいます,
424,-33012,Недопустимая команда.,# 無効な操作です,
424,-33013,"Пожалуйста, завершите другие действия.",# 他の操作を終了させてください,

#,425,Битва.,# キック
425,-33000,Зал не существует.,# ルームが存在しません,
425,-33001,Операция невозможна.,# 操作が不可能な状態です,
425,-33003,Неавторизован.,# 権限がありません,
425,-33005,Персонаж не существует.,# 存在しないキャラクターです,
425,-33011,В этом месте находится другой персонаж.,# その場所には別のユーザーがいます,
425,-33012,Неверная операция.,# 無効な操作です,

#,426,Битва началась.,# ルーム戦闘開始
426,-1,Невозможно начать бой.,# 戦闘開始する事ができません,
426,-33000,Комната не существует.,# ルームが存在しません,
426,-33001,Операция невозможна.,# 操作が不可能な状態です,
426,-33003,Неавторизован.,# 権限がありません,
426,-33008,Ожидание готовности участников.,# 全員の準備が完了していません,
426,-33009,Нехватает участников.,# 参加人数が足りていないチームがあります,
426,-33012,Недопустимая операция.,# 無効な操作です,
426,-33013,"Пожалуйста, завершите другие действия.",# 他の操作を終了させてください,

#,427,
427,-33000,Зал не существует.,# ルームが存在しません,
427,-33012,Недопустимая операция.,# 無効な操作です,

#,428,
428,-33000,Зал не существует.,# ルームが存在しません,
428,-33012,Недопустимая операция.,# 無効な操作です,

#,429,
429,-33000,Зал не существует.,#ルームが存在しません,
429,-33012,Недопустимая операция.,# 無効な操作です,

#,430,
430,-33300,Невозможно начать битву. Противник отсутствует.,# 戦闘開始前に相手が居なくなったため、無効試合となりました,

#,431,Режим наблюдателя.,# 観戦モード
431,-33000,Зал не существует.,# ルームが存在しません,
431,-33100,В данный момент невозможно войти в зал.,# 現在、そのルームには入る事ができません,
431,-33101,Наблюдение недоступно в данном зале.,# このルームは観戦できません,
431,-33004,Вы уже находитесь в другом зале.,# 他のルームに参加中です,

#,440,
440,-1,Операция недоступна в данный момент.,# 現在、その操作は行えません,
440,-123,Персонаж не найден.,# キャラが見つかりません,
440,-12000,В данный момент операции с гильдией недоступны.,# 現在、クラン関連の操作は行える状態ではありません,
440,-12001,Название гильдии уже используется.,#  既に使用されているクラン名です,
440,-12002,Неверное имя гильдии.,# 不正なクラン名です,
440,-12003,Вы уже состоите в гильдии.,# 既にクランに所属しています,
440,-12004,Достигнуто максимальное кол-во участников в гильдии.,# メンバーが定員に達しています.
440,-12005,Персонаж не состоит в гильдии.,# クランに所属していません,
440,-12006,У вас нет прав для приглашения в гильдию.,# クランに招待する権限がありません,
440,-12007,Вы не являетесь главой гильдии.,# リーダーではありません,
440,-12008,"Невозможно распустить гильдию, так как есть ещё участники.",# まだメンバーが存在している為、解散できません,
440,-12009,Персонаж не вступил в нацию.,# 国家に所属していません,
440,-12010,Другая нация.,# 異なる国家です,
440,-12011,Глава гильдии не может быть исключен.,# リーダーは除名できません,
440,-12050,Данная операция недоступна во время осад.,# 攻城戦中には行えなません,
440,-36000,Персонаж не существует.,# 存在しないキャラクターです,
440,-36001,Персонаж не состоит в гильдии.,# クランに所属していません,
440,-36002,Указанная страница не существует.,# 指定したページが存在しません,
440,-36003,Сообщение было удалено.,# 投稿を削除されています,
440,-36004,Другая нация.,# 異なる国家です,
440,-36005,Недостаточно прав.,# 操作できる権限がありません,
440,-36006,Вы не являетесь главой гильдии.,# リーダーではありません,
440,-36100,Достигнут лимит игроков на регистрацию.,# 満員の為、登録を行う事ができません,
440,-36101,Вы уже подали заявку на вступление в другую гильдию.,# 既に他のクランへの加入申請を行っています,
440,-36102,Ваша заявка на вступление в гильдию уже одобрена.,# 既にクランへの加入申請を行っています,
440,-36103,Персонаж уже состоит в гильдии.,# 既にクランに所属しています,
440,-36104,Запись удалена.,# 投稿を削除されています,
440,-36105,Участники гильдии должны принадлежать к вашей нации.,# クランメンバーは同じ国家に所属している必要があります,
440,-36106,Невозможно применить.,# 申請をしていません,
440,-36107,Запись не опубликована.,# 掲載を行っていません,
